date,year,motu,site.name,distance.along.transect,algal.group,algal.species
11/5/21,Nov_21,Aie,A1,10,brown algae,Turbinaria ornata
11/5/21,Nov_21,Aie,A1,40,brown algae,Lobophora spp
11/5/21,Nov_21,Aie,A1,40,brown algae,Turbinaria ornata
11/5/21,Nov_21,Aie,A1,40,green algae,Caulerpa serrulata
11/5/21,Nov_21,Aie,A1,40,cyanobacteria,Schizothrix minuta
11/4/21,Nov_21,Aie,A2,10,brown algae,Lobophora spp
11/4/21,Nov_21,Aie,A2,10,brown algae,Turbinaria ornata
11/4/21,Nov_21,Aie,A2,10,green algae,Caulerpa serrulata
11/4/21,Nov_21,Aie,A2,10,cyanobacteria,Schizothrix minuta
11/4/21,Nov_21,Aie,A2,40,brown algae,Lobophora spp
11/4/21,Nov_21,Aie,A2,40,cyanobacteria,Hydrocoleum coccineum
11/4/21,Nov_21,Aie,A2,40,green algae,Chlorodesmis fastigiata
11/4/21,Nov_21,Aie,A2,40,cyanobacteria,Schizothrix minuta
11/4/21,Nov_21,Aie,A2,40,brown algae,Turbinaria ornata
11/4/21,Nov_21,Aie,A2,40,green algae,Neomeris vanbosseae
11/4/21,Nov_21,Aie,A2,40,green algae,Caulerpa serrulata
11/4/21,Nov_21,Aie,A2,40,green algae,Avrainvillea lacerata
11/4/21,Nov_21,Aie,A2,40,green algae,Halimeda distorta
11/4/21,Nov_21,Aie,A2,40,cyanobacteria,Pseudanabaena lonchoides
11/5/21,Nov_21,Reiono,Re2,10,cyanobacteria,Caldora penicillata
11/5/21,Nov_21,Reiono,Re2,10,green algae,Caulerpa chemnitzia
11/5/21,Nov_21,Reiono,Re2,10,green algae,Caulerpa serrulata
11/5/21,Nov_21,Reiono,Re2,10,green algae,Chlorodesmis fastigiata
11/5/21,Nov_21,Reiono,Re2,10,green algae,Halimeda distorta
11/5/21,Nov_21,Reiono,Re2,10,brown algae,Lobophora spp
11/5/21,Nov_21,Reiono,Re2,10,cyanobacteria,Schizothrix minuta
11/5/21,Nov_21,Reiono,Re2,10,brown algae,Turbinaria ornata
11/5/21,Nov_21,Reiono,Re2,40,cyanobacteria,Caldora penicillata
11/5/21,Nov_21,Reiono,Re2,40,green algae,Caulerpa serrulata
11/5/21,Nov_21,Reiono,Re2,40,green algae,Chlorodesmis fastigiata
11/5/21,Nov_21,Reiono,Re2,40,green algae,Cladophora fuliginosa
11/5/21,Nov_21,Reiono,Re2,40,green algae,Dictyosphaeria cavernosa
11/5/21,Nov_21,Reiono,Re2,40,green algae,Halimeda distorta
11/5/21,Nov_21,Reiono,Re2,40,green algae,Halimeda heteromorpha
11/5/21,Nov_21,Reiono,Re2,40,cyanobacteria,Hydrocoleum coccineum
11/5/21,Nov_21,Reiono,Re2,40,cyanobacteria,Hydrocoleum spp
11/5/21,Nov_21,Reiono,Re2,40,red algae,Hypnea spinella
11/5/21,Nov_21,Reiono,Re2,40,red algae,Jania articulata
11/5/21,Nov_21,Reiono,Re2,40,brown algae,Lobophora spp
11/5/21,Nov_21,Reiono,Re2,40,green algae,Neomeris vanbosseae
11/5/21,Nov_21,Reiono,Re2,40,cyanobacteria,Schizothrix minuta
11/5/21,Nov_21,Reiono,Re2,40,brown algae,Turbinaria ornata
11/6/21,Nov_21,Reiono,Re1,10,green algae,Boodlea composita
11/6/21,Nov_21,Reiono,Re1,10,green algae,Caulerpa serrulata
11/6/21,Nov_21,Reiono,Re1,10,green algae,Chlorodesmis fastigiata
11/6/21,Nov_21,Reiono,Re1,10,green algae,Halimeda distorta
11/6/21,Nov_21,Reiono,Re1,10,brown algae,Lobophora spp
11/6/21,Nov_21,Reiono,Re1,10,red algae,Pterocladiella caerulescens
11/6/21,Nov_21,Reiono,Re1,10,cyanobacteria,Schizothrix minuta
11/6/21,Nov_21,Reiono,Re1,10,brown algae,Turbinaria ornata
11/6/21,Nov_21,Reiono,Re1,40,cyanobacteria,Caldora penicillata
11/6/21,Nov_21,Reiono,Re1,40,green algae,Caulerpa serrulata
11/6/21,Nov_21,Reiono,Re1,40,green algae,Chlorodesmis fastigiata
11/6/21,Nov_21,Reiono,Re1,40,green algae,Halimeda discoidea
11/6/21,Nov_21,Reiono,Re1,40,green algae,Halimeda distorta
11/6/21,Nov_21,Reiono,Re1,40,green algae,Halimeda heteromorpha
11/6/21,Nov_21,Reiono,Re1,40,cyanobacteria,Hydrocoleum spp
11/6/21,Nov_21,Reiono,Re1,40,brown algae,Lobophora spp
11/6/21,Nov_21,Reiono,Re1,40,cyanobacteria,Schizothrix minuta
11/6/21,Nov_21,Reiono,Re1,40,brown algae,Turbinaria ornata
11/7/21,Nov_21,Rimatuu,Rm1,10,green algae,Boodlea composita
11/7/21,Nov_21,Rimatuu,Rm1,10,green algae,Caulerpa serrulata
11/7/21,Nov_21,Rimatuu,Rm1,10,green algae,Chlorodesmis fastigiata
11/7/21,Nov_21,Rimatuu,Rm1,10,brown algae,Dictyota ceylanica
11/7/21,Nov_21,Rimatuu,Rm1,10,red algae,Gelidiella acerosa
11/7/21,Nov_21,Rimatuu,Rm1,10,green algae,Halimeda distorta
11/7/21,Nov_21,Rimatuu,Rm1,10,green algae,Halimeda heteromorpha
11/7/21,Nov_21,Rimatuu,Rm1,10,cyanobacteria,Hydrocoleum coccineum
11/7/21,Nov_21,Rimatuu,Rm1,10,red algae,Hypnea spinella
11/7/21,Nov_21,Rimatuu,Rm1,10,brown algae,Lobophora spp
11/7/21,Nov_21,Rimatuu,Rm1,10,cyanobacteria,Oscilllatoria spp
11/7/21,Nov_21,Rimatuu,Rm1,10,cyanobacteria,Schizothrix minuta
11/7/21,Nov_21,Rimatuu,Rm1,10,cyanobacteria,Symploca hydnoides
11/7/21,Nov_21,Rimatuu,Rm1,10,brown algae,Turbinaria ornata
11/7/21,Nov_21,Rimatuu,Rm1,40,green algae,Caulerpa serrulata
11/7/21,Nov_21,Rimatuu,Rm1,40,green algae,Chlorodesmis fastigiata
11/7/21,Nov_21,Rimatuu,Rm1,40,green algae,Halimeda distorta
11/7/21,Nov_21,Rimatuu,Rm1,40,cyanobacteria,Hydrocoleum coccineum
11/7/21,Nov_21,Rimatuu,Rm1,40,red algae,Hypnea spinella
11/7/21,Nov_21,Rimatuu,Rm1,40,brown algae,Lobophora spp
11/7/21,Nov_21,Rimatuu,Rm1,40,green algae,Neomeris vanbosseae
11/7/21,Nov_21,Rimatuu,Rm1,40,cyanobacteria,Schizothrix minuta
11/7/21,Nov_21,Rimatuu,Rm1,40,brown algae,Turbinaria ornata
11/6/21,Nov_21,Rimatuu,Rm2,10,cyanobacteria,Caldora penicillata
11/6/21,Nov_21,Rimatuu,Rm2,10,green algae,Caulerpa serrulata
11/6/21,Nov_21,Rimatuu,Rm2,10,green algae,Chlorodesmis fastigiata
11/6/21,Nov_21,Rimatuu,Rm2,10,green algae,Dictyosphaeria cavernosa
11/6/21,Nov_21,Rimatuu,Rm2,10,brown algae,Dictyota ceylanica
11/6/21,Nov_21,Rimatuu,Rm2,10,brown algae,Dictyota friabilis
11/6/21,Nov_21,Rimatuu,Rm2,10,green algae,Halimeda opuntia
11/6/21,Nov_21,Rimatuu,Rm2,10,brown algae,Hydroclathrus clathratus
11/6/21,Nov_21,Rimatuu,Rm2,10,brown algae,Lobophora spp
11/6/21,Nov_21,Rimatuu,Rm2,10,cyanobacteria,Lyngbya sordida
11/6/21,Nov_21,Rimatuu,Rm2,10,green algae,Neomeris vanbosseae
11/6/21,Nov_21,Rimatuu,Rm2,10,cyanobacteria,Oscilllatoria spp
11/6/21,Nov_21,Rimatuu,Rm2,10,red algae,Pterocladiella caerulescens
11/6/21,Nov_21,Rimatuu,Rm2,10,cyanobacteria,Schizothrix minuta
11/6/21,Nov_21,Rimatuu,Rm2,10,brown algae,Turbinaria ornata
11/6/21,Nov_21,Rimatuu,Rm2,40,green algae,Caulerpa serrulata
11/6/21,Nov_21,Rimatuu,Rm2,40,green algae,Chlorodesmis fastigiata
11/6/21,Nov_21,Rimatuu,Rm2,40,red algae,Galaxaura filamentosa
11/6/21,Nov_21,Rimatuu,Rm2,40,green algae,Halimeda discoidea
11/6/21,Nov_21,Rimatuu,Rm2,40,green algae,Halimeda heteromorpha
11/6/21,Nov_21,Rimatuu,Rm2,40,green algae,Halimeda minima
11/6/21,Nov_21,Rimatuu,Rm2,40,cyanobacteria,Hydrocoleum coccineum
11/6/21,Nov_21,Rimatuu,Rm2,40,red algae,Jania articulata
11/6/21,Nov_21,Rimatuu,Rm2,40,brown algae,Lobophora spp
11/6/21,Nov_21,Rimatuu,Rm2,40,green algae,Neomeris vanbosseae
11/6/21,Nov_21,Rimatuu,Rm2,40,cyanobacteria,Oscilllatoria spp
11/6/21,Nov_21,Rimatuu,Rm2,40,cyanobacteria,Schizothrix minuta
11/6/21,Nov_21,Rimatuu,Rm2,40,brown algae,Turbinaria ornata